{
  "norm_stats": {
    "state": {
      "mean": [
        0.06070487201213837,
        1.5763920545578003,
        0.9971562623977661,
        0.37234431505203247,
        -0.017277447506785393,
        -0.05549498274922371,
        0.5889017581939697,
        0.4162837862968445,
        1.7303013801574707,
        1.3251943588256836,
        0.13975822925567627,
        0.04094701632857323,
        0.16909262537956238,
        0.49427545070648193
      ],
      "std": [
        0.36621809005737305,
        0.35521379113197327,
        0.5560672283172607,
        0.5014013051986694,
        0.20522665977478027,
        0.2949707806110382,
        0.34878796339035034,
        0.3505611717700958,
        0.49927443265914917,
        0.6530463099479675,
        0.5946158766746521,
        0.243648961186409,
        0.3703686594963074,
        0.3323906362056732
      ],
      "q01": [
        -0.9165074615478515,
        0.6097330207405612,
        0.11018591655232013,
        -0.8711577267169952,
        -0.5822489251613616,
        -1.0141551349639892,
        0.10125498861819505,
        -0.12095035185813874,
        0.5422973922491073,
        0.15159044370651242,
        -1.1897752546310425,
        -0.5883367729187012,
        -1.0060265113830569,
        0.06420000000000001
      ],
      "q99": [
        0.5207440193653108,
        2.6323916110768915,
        2.515292639237363,
        1.2843012094497683,
        0.6262430713891982,
        0.361072687911987,
        0.998313324932009,
        1.0807056811332703,
        3.3361415343165395,
        3.4612093234002588,
        1.32035984954834,
        0.8301629364490508,
        1.7118413519382472,
        0.9988
      ]
    },
    "actions": {
      "mean": [
        0.0013307073386386037,
        -0.002486835466697812,
        0.0045996168628335,
        0.009791174903512001,
        0.0011519966647028923,
        0.001548310392536223,
        0.5795682072639465,
        0.004185452591627836,
        0.025083027780056,
        0.03781461343169212,
        0.009794425219297409,
        0.014981220476329327,
        0.00034289449104107916,
        0.47674477100372314
      ],
      "std": [
        0.12130001187324524,
        0.19310399889945984,
        0.19445161521434784,
        0.26006385684013367,
        0.11173994839191437,
        0.13671647012233734,
        0.35876521468162537,
        0.24779237806797028,
        0.35786354541778564,
        0.4101615846157074,
        0.34243685007095337,
        0.18671652674674988,
        0.2654706835746765,
        0.3515752851963043
      ],
      "q01": [
        -0.4063877496719357,
        -0.7141966147422791,
        -0.7528459542274475,
        -1.0966203012466431,
        -0.36967649254798873,
        -0.48644899158477806,
        0.0,
        -0.638227738761902,
        -0.9716190695762634,
        -1.1600850185394287,
        -1.2614275488853455,
        -0.47387955427169803,
        -0.8152797224044801,
        0.0
      ],
      "q99": [
        0.40925706219673197,
        0.62709457552433,
        0.6794815161466601,
        0.9549126930236813,
        0.3700727220058444,
        0.44994120073318467,
        0.9996,
        0.7339496921062469,
        1.1590238171577454,
        1.3460676404953,
        1.1233263603210455,
        0.6278594923019409,
        0.7839281560897824,
        0.9998
      ]
    }
  }
}